{"cameraMode":{"drawMode":0,"name":"Shaded","section":"Shading Mode"},"sceneLighting":false,"audioPlay":false,"sceneViewState":{"showFog":true,"showMaterialUpdate":false,"showSkybox":true,"showFlares":true,"showImageEffects":true,"showParticleSystems":true},"in2DMode":false,"pivot":{"x":19.747404098510743,"y":-38.09674072265625,"z":54.34288024902344},"rotation":{"x":0.36517229676246645,"y":0.6324374675750732,"z":-0.5174408555030823,"w":0.4461010694503784},"size":110.78697204589844,"orthographic":false}